{
  "baseline_metrics": {
    "recall_1": 0.001114451799253272,
    "recall_5": 0.005572258996266369,
    "recall_10": 0.010686402169394529,
    "mrr": 0.1467295969162429,
    "map": 0.14669072198705715
  },
  "finetuned_metrics": {
    "recall_1": 0.005383839808107489,
    "recall_5": 0.02691919904053763,
    "recall_10": 0.05408724894747866,
    "mrr": 0.7500716468237222,
    "map": 2.1741884586139575
  },
  "improvements": {
    "recall_1_improvement": 383.08966818915235,
    "recall_5_improvement": 383.0924181616953,
    "recall_10_improvement": 406.13113260203903,
    "mrr_improvement": 411.19312086202393,
    "map_improvement": 1382.158033546244
  },
  "timestamp": "2025-11-09 20:18:34.669744"
}